<?xml version="1.0" encoding="UTF-8"?>
<con:soapui-project id="97a3a8ec-5525-4e03-b576-7cd0adba1c28" activeEnvironment="Default" name="Mubassir_RestfulAndSoapWS" resourceRoot="" soapui-version="5.6.1" abortOnError="false" runType="SEQUENTIAL" xmlns:con="http://eviware.com/soapui/config"><con:settings><con:setting id="com.eviware.soapui.impl.wsdl.actions.iface.tools.soapui.TestRunnerAction@values-local"><![CDATA[<xml-fragment xmlns:con="http://eviware.com/soapui/config">
  <con:entry key="Report Format(s)" value=""/>
  <con:entry key="Host:Port" value=""/>
  <con:entry key="Export JUnit Results" value="false"/>
  <con:entry key="Export All" value="false"/>
  <con:entry key="Save After" value="false"/>
  <con:entry key="Add Settings" value="false"/>
  <con:entry key="WSS Password Type" value=""/>
  <con:entry key="TestSuite" value="TS_JsonPlaceHolder"/>
  <con:entry key="Endpoint" value=""/>
  <con:entry key="Select Report Type" value=""/>
  <con:entry key="System Properties" value=""/>
  <con:entry key="Password" value=""/>
  <con:entry key="Print Report" value="false"/>
  <con:entry key="Open Report" value="false"/>
  <con:entry key="Export JUnit Results with test properties" value="false"/>
  <con:entry key="Global Properties" value=""/>
  <con:entry key="Project Properties" value=""/>
  <con:entry key="Project Password" value=""/>
  <con:entry key="TestCase" value="&lt;all>"/>
  <con:entry key="Username" value=""/>
  <con:entry key="user-settings.xml Password" value=""/>
  <con:entry key="TestRunner Path" value=""/>
  <con:entry key="Environment" value="Default"/>
  <con:entry key="Coverage Report" value="false"/>
  <con:entry key="Enable UI" value="false"/>
  <con:entry key="Root Folder" value=""/>
  <con:entry key="Ignore Errors" value="false"/>
  <con:entry key="Domain" value=""/>
  <con:entry key="Tool Args" value=""/>
  <con:entry key="Save Project" value="false"/>
</xml-fragment>]]></con:setting></con:settings><con:interface xsi:type="con:RestService" id="b5976b32-00d1-44c4-9b18-4e6227fbce78" wadlVersion="http://wadl.dev.java.net/2009/02" name="https://jsonplaceholder.typicode.com" type="rest" xmlns:xsi="http://www.w3.org/2001/XMLSchema-instance"><con:settings/><con:definitionCache type="TEXT" rootPart=""/><con:endpoints><con:endpoint>https://jsonplaceholder.typicode.com</con:endpoint></con:endpoints><con:resource name="Posts" path="/posts" id="5b8ca7e8-0655-42c5-a2da-ebedfd0be15c"><con:settings/><con:parameters><con:parameter><con:name>userId</con:name><con:value>1</con:value><con:style>HEADER</con:style><con:default>1</con:default><con:description xsi:nil="true"/></con:parameter></con:parameters><con:method name="Posts 1" id="761dcfe7-f113-4046-85b6-ac5ca67dae21" method="GET"><con:settings/><con:parameters/><con:representation type="RESPONSE"><con:mediaType xsi:nil="true"/><con:status>0</con:status><con:params/><con:element>data</con:element></con:representation><con:representation type="RESPONSE"><con:mediaType>application/json; charset=utf-8</con:mediaType><con:status>200</con:status><con:params/><con:element>Response</con:element></con:representation><con:representation type="FAULT"><con:mediaType>application/json; charset=utf-8</con:mediaType><con:status>404</con:status><con:params/><con:element>Fault</con:element></con:representation><con:request name="Request 1" id="2c03ab24-e290-4244-80ee-cfbb6b1a3c71" mediaType="application/json"><con:settings><con:setting id="com.eviware.soapui.impl.wsdl.WsdlRequest@request-headers">&lt;xml-fragment/></con:setting></con:settings><con:endpoint>https://jsonplaceholder.typicode.com</con:endpoint><con:request/><con:originalUri>https://jsonplaceholder.typicode.com/posts</con:originalUri><con:credentials><con:authType>No Authorization</con:authType></con:credentials><con:jmsConfig JMSDeliveryMode="PERSISTENT"/><con:jmsPropertyConfig/><con:parameters/><con:parameterOrder/></con:request></con:method></con:resource></con:interface><con:testSuite id="3bd5c9dc-b544-42a6-9d09-d1f5d2205bf6" name="TS_JsonPlaceHolder"><con:settings/><con:runType>SEQUENTIAL</con:runType><con:testCase id="80cbc87e-eda7-4cfc-ba22-d2380bd4e69f" failOnError="true" failTestCaseOnErrors="true" keepSession="false" maxResults="0" name="TC_Posts" searchProperties="true"><con:settings/><con:testStep type="restrequest" name="TStep_GetPostsData" id="f940f1d2-7d78-4610-bb7b-5168a958a516"><con:settings/><con:config service="https://jsonplaceholder.typicode.com" resourcePath="/posts" methodName="Posts 1" xsi:type="con:RestRequestStep" xmlns:xsi="http://www.w3.org/2001/XMLSchema-instance"><con:restRequest name="TStep_GetPostsData" id="2c03ab24-e290-4244-80ee-cfbb6b1a3c71" mediaType="application/json"><con:settings><con:setting id="com.eviware.soapui.impl.wsdl.WsdlRequest@request-headers">&lt;xml-fragment/></con:setting></con:settings><con:endpoint>https://jsonplaceholder.typicode.com</con:endpoint><con:request/><con:originalUri>https://jsonplaceholder.typicode.com/posts</con:originalUri><con:assertion type="Response SLA Assertion" id="a3bd5d77-7b99-473c-b1bb-c08287cc3a71" name="Response SLA"><con:configuration><SLA>3000</SLA></con:configuration></con:assertion><con:assertion type="Sensitive Information Exposure" id="0f3e3d3e-e3ed-479f-8f53-04c2197846e7" name="Sensitive Information Exposure"><con:configuration><AssertionSpecificExposureList>Password###Password should not be exposed</AssertionSpecificExposureList><IncludeProjectSpecific>true</IncludeProjectSpecific><IncludeGlobal>true</IncludeGlobal></con:configuration></con:assertion><con:assertion type="Simple Contains" id="3b926954-4177-4821-9531-abd6316cc358" name="Contains"><con:configuration><token>title</token><ignoreCase>false</ignoreCase><useRegEx>false</useRegEx></con:configuration></con:assertion><con:assertion type="JsonPath Count" id="2da9fcfe-66e1-47ac-a103-c48ff6eb880b" name="JsonPath Count"><con:configuration><path>$.[*].title</path><content>100</content><allowWildcards>false</allowWildcards><ignoreNamspaceDifferences>false</ignoreNamspaceDifferences><ignoreComments>false</ignoreComments></con:configuration></con:assertion><con:assertion type="JsonPath Count" id="36a2ee8b-ea3f-4158-bfea-6662d939886b"><con:configuration/></con:assertion><con:assertion type="JsonPath Match" id="0788543a-c549-4df3-96c5-856b6658ef64" name="JsonPath Match"><con:configuration><path>$.[10].title</path><content>et ea vero quia laudantium autem</content><allowWildcards>false</allowWildcards><ignoreNamspaceDifferences>false</ignoreNamspaceDifferences><ignoreComments>false</ignoreComments></con:configuration></con:assertion><con:assertion type="Schema Compliance" id="39f0df7e-13f7-4b9e-988f-58b8cbf35462" name="Schema Compliance"><con:configuration/></con:assertion><con:assertion type="Valid HTTP Status Codes" id="977bf67a-16b8-4bbb-9d93-b2dd675cc8c2" name="Valid HTTP Status Codes"><con:configuration><codes>200</codes></con:configuration></con:assertion><con:credentials><con:authType>No Authorization</con:authType></con:credentials><con:jmsConfig JMSDeliveryMode="PERSISTENT"/><con:jmsPropertyConfig/><con:parameters/><con:parameterOrder/></con:restRequest></con:config></con:testStep><con:properties/></con:testCase><con:properties/></con:testSuite><con:testSuite id="f8ea486e-9749-4e64-abcc-3636021a087a" name="TS_JsonPlaceHolder_Groovy"><con:settings/><con:runType>SEQUENTIAL</con:runType><con:testCase id="4f0d2356-c5bc-4ad5-8f89-712726facc71" failOnError="true" failTestCaseOnErrors="true" keepSession="false" maxResults="0" name="TC_Posts" searchProperties="true"><con:settings/><con:testStep type="restrequest" name="TStep_GetPostsData" id="4e790d37-ccfd-40e8-be6b-726e43283758"><con:settings/><con:config service="https://jsonplaceholder.typicode.com" resourcePath="/posts" methodName="Posts 1" xsi:type="con:RestRequestStep" xmlns:xsi="http://www.w3.org/2001/XMLSchema-instance"><con:restRequest name="TStep_GetPostsData" id="2c03ab24-e290-4244-80ee-cfbb6b1a3c71" mediaType="application/json"><con:settings><con:setting id="com.eviware.soapui.impl.wsdl.WsdlRequest@request-headers">&lt;xml-fragment/></con:setting></con:settings><con:endpoint>https://jsonplaceholder.typicode.com</con:endpoint><con:request/><con:originalUri>https://jsonplaceholder.typicode.com/posts</con:originalUri><con:assertion type="Response SLA Assertion" id="a3bd5d77-7b99-473c-b1bb-c08287cc3a71" name="Response SLA"><con:configuration><SLA>3000</SLA></con:configuration></con:assertion><con:assertion type="Sensitive Information Exposure" id="0f3e3d3e-e3ed-479f-8f53-04c2197846e7" name="Sensitive Information Exposure"><con:configuration><AssertionSpecificExposureList>Password###Password should not be exposed</AssertionSpecificExposureList><IncludeProjectSpecific>true</IncludeProjectSpecific><IncludeGlobal>true</IncludeGlobal></con:configuration></con:assertion><con:assertion type="Simple Contains" id="3b926954-4177-4821-9531-abd6316cc358" name="Contains"><con:configuration><token>title</token><ignoreCase>false</ignoreCase><useRegEx>false</useRegEx></con:configuration></con:assertion><con:assertion type="JsonPath Count" id="2da9fcfe-66e1-47ac-a103-c48ff6eb880b" name="JsonPath Count"><con:configuration><path>$.[*].title</path><content>100</content><allowWildcards>false</allowWildcards><ignoreNamspaceDifferences>false</ignoreNamspaceDifferences><ignoreComments>false</ignoreComments></con:configuration></con:assertion><con:assertion type="JsonPath Count" id="36a2ee8b-ea3f-4158-bfea-6662d939886b"><con:configuration/></con:assertion><con:assertion type="JsonPath Match" id="0788543a-c549-4df3-96c5-856b6658ef64" name="JsonPath Match"><con:configuration><path>$.[10].title</path><content>et ea vero quia laudantium autem</content><allowWildcards>false</allowWildcards><ignoreNamspaceDifferences>false</ignoreNamspaceDifferences><ignoreComments>false</ignoreComments></con:configuration></con:assertion><con:assertion type="Schema Compliance" id="39f0df7e-13f7-4b9e-988f-58b8cbf35462" name="Schema Compliance"><con:configuration/></con:assertion><con:assertion type="Valid HTTP Status Codes" id="977bf67a-16b8-4bbb-9d93-b2dd675cc8c2" name="Valid HTTP Status Codes"><con:configuration><codes>200</codes></con:configuration></con:assertion><con:credentials><con:authType>No Authorization</con:authType></con:credentials><con:jmsConfig JMSDeliveryMode="PERSISTENT"/><con:jmsPropertyConfig/><con:parameters/><con:parameterOrder/></con:restRequest></con:config></con:testStep><con:testStep type="groovy" name="TStep_Groovy" id="d9548680-2329-489a-b7de-5812329eb0db"><con:settings/><con:config><script>import groovy.json.JsonSlurper

def expected_value_of_json_element = "qui est esse"

def request = testRunner.testCase.getTestStepByName('TStep_GetPostsData')

def responseAsString = request.getProperty("Response").value

def jsonResponse = new groovy.json.JsonSlurper().parseText(responseAsString)

log.info(jsonResponse.title[1])

assert jsonResponse.title[1] == expected_value_of_json_element</script></con:config></con:testStep><con:properties/></con:testCase><con:properties/></con:testSuite><con:properties/><con:wssContainer/><con:oAuth2ProfileContainer/><con:oAuth1ProfileContainer/></con:soapui-project>