<?xml version="1.0" encoding="UTF-8"?>
<con:soapui-project id="96918c58-6ac8-4a8b-ad93-dfd66617cae0" activeEnvironment="Default" name="Mubassir_SoapWS" resourceRoot="" soapui-version="5.6.1" abortOnError="false" runType="SEQUENTIAL" xmlns:con="http://eviware.com/soapui/config"><con:settings/><con:interface xsi:type="con:WsdlInterface" id="874fd556-a326-4465-b960-abd0b6362859" wsaVersion="NONE" name="Calculator_x0020_Web_x0020_ServiceSoap" type="wsdl" bindingName="{http://tempuri.org/}Calculator_x0020_Web_x0020_ServiceSoap" soapVersion="1_1" anonymous="optional" definition="https://ecs.syr.edu/faculty/fawcett/Handouts/cse775/code/calcWebService/Calc.asmx?WSDL" xmlns:xsi="http://www.w3.org/2001/XMLSchema-instance"><con:settings/><con:definitionCache type="TEXT" rootPart="https://ecs.syr.edu/faculty/fawcett/Handouts/cse775/code/calcWebService/Calc.asmx?WSDL"><con:part><con:url>https://ecs.syr.edu/faculty/fawcett/Handouts/cse775/code/calcWebService/Calc.asmx?WSDL</con:url><con:content><![CDATA[<wsdl:definitions targetNamespace="http://tempuri.org/" xmlns:tm="http://microsoft.com/wsdl/mime/textMatching/" xmlns:soapenc="http://schemas.xmlsoap.org/soap/encoding/" xmlns:mime="http://schemas.xmlsoap.org/wsdl/mime/" xmlns:tns="http://tempuri.org/" xmlns:soap="http://schemas.xmlsoap.org/wsdl/soap/" xmlns:s="http://www.w3.org/2001/XMLSchema" xmlns:soap12="http://schemas.xmlsoap.org/wsdl/soap12/" xmlns:http="http://schemas.xmlsoap.org/wsdl/http/" xmlns:wsdl="http://schemas.xmlsoap.org/wsdl/">
  <wsdl:documentation>Performs simple math over the Web</wsdl:documentation>
  <wsdl:types>
    <s:schema elementFormDefault="qualified" targetNamespace="http://tempuri.org/">
      <s:element name="Add">
        <s:complexType>
          <s:sequence>
            <s:element minOccurs="1" maxOccurs="1" name="a" type="s:int"/>
            <s:element minOccurs="1" maxOccurs="1" name="b" type="s:int"/>
          </s:sequence>
        </s:complexType>
      </s:element>
      <s:element name="AddResponse">
        <s:complexType>
          <s:sequence>
            <s:element minOccurs="1" maxOccurs="1" name="AddResult" type="s:int"/>
          </s:sequence>
        </s:complexType>
      </s:element>
      <s:element name="Subtract">
        <s:complexType>
          <s:sequence>
            <s:element minOccurs="1" maxOccurs="1" name="a" type="s:int"/>
            <s:element minOccurs="1" maxOccurs="1" name="b" type="s:int"/>
          </s:sequence>
        </s:complexType>
      </s:element>
      <s:element name="SubtractResponse">
        <s:complexType>
          <s:sequence>
            <s:element minOccurs="1" maxOccurs="1" name="SubtractResult" type="s:int"/>
          </s:sequence>
        </s:complexType>
      </s:element>
    </s:schema>
  </wsdl:types>
  <wsdl:message name="AddSoapIn">
    <wsdl:part name="parameters" element="tns:Add"/>
  </wsdl:message>
  <wsdl:message name="AddSoapOut">
    <wsdl:part name="parameters" element="tns:AddResponse"/>
  </wsdl:message>
  <wsdl:message name="SubtractSoapIn">
    <wsdl:part name="parameters" element="tns:Subtract"/>
  </wsdl:message>
  <wsdl:message name="SubtractSoapOut">
    <wsdl:part name="parameters" element="tns:SubtractResponse"/>
  </wsdl:message>
  <wsdl:portType name="Calculator_x0020_Web_x0020_ServiceSoap">
    <wsdl:operation name="Add">
      <wsdl:documentation>Computes the sum of two integers</wsdl:documentation>
      <wsdl:input message="tns:AddSoapIn"/>
      <wsdl:output message="tns:AddSoapOut"/>
    </wsdl:operation>
    <wsdl:operation name="Subtract">
      <wsdl:documentation>Computes the difference between two integers</wsdl:documentation>
      <wsdl:input message="tns:SubtractSoapIn"/>
      <wsdl:output message="tns:SubtractSoapOut"/>
    </wsdl:operation>
  </wsdl:portType>
  <wsdl:binding name="Calculator_x0020_Web_x0020_ServiceSoap" type="tns:Calculator_x0020_Web_x0020_ServiceSoap">
    <soap:binding transport="http://schemas.xmlsoap.org/soap/http"/>
    <wsdl:operation name="Add">
      <soap:operation soapAction="http://tempuri.org/Add" style="document"/>
      <wsdl:input>
        <soap:body use="literal"/>
      </wsdl:input>
      <wsdl:output>
        <soap:body use="literal"/>
      </wsdl:output>
    </wsdl:operation>
    <wsdl:operation name="Subtract">
      <soap:operation soapAction="http://tempuri.org/Subtract" style="document"/>
      <wsdl:input>
        <soap:body use="literal"/>
      </wsdl:input>
      <wsdl:output>
        <soap:body use="literal"/>
      </wsdl:output>
    </wsdl:operation>
  </wsdl:binding>
  <wsdl:binding name="Calculator_x0020_Web_x0020_ServiceSoap12" type="tns:Calculator_x0020_Web_x0020_ServiceSoap">
    <soap12:binding transport="http://schemas.xmlsoap.org/soap/http"/>
    <wsdl:operation name="Add">
      <soap12:operation soapAction="http://tempuri.org/Add" style="document"/>
      <wsdl:input>
        <soap12:body use="literal"/>
      </wsdl:input>
      <wsdl:output>
        <soap12:body use="literal"/>
      </wsdl:output>
    </wsdl:operation>
    <wsdl:operation name="Subtract">
      <soap12:operation soapAction="http://tempuri.org/Subtract" style="document"/>
      <wsdl:input>
        <soap12:body use="literal"/>
      </wsdl:input>
      <wsdl:output>
        <soap12:body use="literal"/>
      </wsdl:output>
    </wsdl:operation>
  </wsdl:binding>
  <wsdl:service name="Calculator_x0020_Web_x0020_Service">
    <wsdl:documentation>Performs simple math over the Web</wsdl:documentation>
    <wsdl:port name="Calculator_x0020_Web_x0020_ServiceSoap" binding="tns:Calculator_x0020_Web_x0020_ServiceSoap">
      <soap:address location="https://ecs.syr.edu/faculty/fawcett/Handouts/cse775/code/calcWebService/Calc.asmx"/>
    </wsdl:port>
    <wsdl:port name="Calculator_x0020_Web_x0020_ServiceSoap12" binding="tns:Calculator_x0020_Web_x0020_ServiceSoap12">
      <soap12:address location="https://ecs.syr.edu/faculty/fawcett/Handouts/cse775/code/calcWebService/Calc.asmx"/>
    </wsdl:port>
  </wsdl:service>
</wsdl:definitions>]]></con:content><con:type>http://schemas.xmlsoap.org/wsdl/</con:type></con:part></con:definitionCache><con:endpoints><con:endpoint>https://ecs.syr.edu/faculty/fawcett/Handouts/cse775/code/calcWebService/Calc.asmx</con:endpoint></con:endpoints><con:operation id="20af9b9f-1458-4b25-8bda-97e1e71b51c1" isOneWay="false" action="http://tempuri.org/Add" name="Add" bindingOperationName="Add" type="Request-Response" inputName="" receivesAttachments="false" sendsAttachments="false" anonymous="optional"><con:settings/><con:call id="7b9518a4-1002-4c02-b4a8-bf69a8432bf8" name="Request 1"><con:settings/><con:encoding>UTF-8</con:encoding><con:endpoint>https://ecs.syr.edu/faculty/fawcett/Handouts/cse775/code/calcWebService/Calc.asmx</con:endpoint><con:request><![CDATA[<soapenv:Envelope xmlns:soapenv="http://schemas.xmlsoap.org/soap/envelope/" xmlns:tem="http://tempuri.org/">\r
   <soapenv:Header/>\r
   <soapenv:Body>\r
      <tem:Add>\r
         <tem:a>?</tem:a>\r
         <tem:b>?</tem:b>\r
      </tem:Add>\r
   </soapenv:Body>\r
</soapenv:Envelope>]]></con:request><con:wsaConfig mustUnderstand="NONE" version="200508" action="http://tempuri.org/Add"/></con:call></con:operation><con:operation id="3dc8dd9f-93eb-4f39-a245-1b868a42a492" isOneWay="false" action="http://tempuri.org/Subtract" name="Subtract" bindingOperationName="Subtract" type="Request-Response" inputName="" receivesAttachments="false" sendsAttachments="false" anonymous="optional"><con:settings/><con:call id="45bb609b-3f4f-494d-848d-1db24fa27c31" name="Request 1"><con:settings/><con:encoding>UTF-8</con:encoding><con:endpoint>https://ecs.syr.edu/faculty/fawcett/Handouts/cse775/code/calcWebService/Calc.asmx</con:endpoint><con:request><![CDATA[<soapenv:Envelope xmlns:soapenv="http://schemas.xmlsoap.org/soap/envelope/" xmlns:tem="http://tempuri.org/">\r
   <soapenv:Header/>\r
   <soapenv:Body>\r
      <tem:Subtract>\r
         <tem:a>?</tem:a>\r
         <tem:b>?</tem:b>\r
      </tem:Subtract>\r
   </soapenv:Body>\r
</soapenv:Envelope>]]></con:request><con:wsaConfig mustUnderstand="NONE" version="200508" action="http://tempuri.org/Subtract"/></con:call></con:operation></con:interface><con:interface xsi:type="con:WsdlInterface" id="0d5508ce-14cb-4fd4-bb59-1c2215ab10ee" wsaVersion="NONE" name="Calculator_x0020_Web_x0020_ServiceSoap12" type="wsdl" bindingName="{http://tempuri.org/}Calculator_x0020_Web_x0020_ServiceSoap12" soapVersion="1_2" anonymous="optional" definition="https://ecs.syr.edu/faculty/fawcett/Handouts/cse775/code/calcWebService/Calc.asmx?WSDL" xmlns:xsi="http://www.w3.org/2001/XMLSchema-instance"><con:settings/><con:definitionCache type="TEXT" rootPart="https://ecs.syr.edu/faculty/fawcett/Handouts/cse775/code/calcWebService/Calc.asmx?WSDL"><con:part><con:url>https://ecs.syr.edu/faculty/fawcett/Handouts/cse775/code/calcWebService/Calc.asmx?WSDL</con:url><con:content><![CDATA[<wsdl:definitions targetNamespace="http://tempuri.org/" xmlns:tm="http://microsoft.com/wsdl/mime/textMatching/" xmlns:soapenc="http://schemas.xmlsoap.org/soap/encoding/" xmlns:mime="http://schemas.xmlsoap.org/wsdl/mime/" xmlns:tns="http://tempuri.org/" xmlns:soap="http://schemas.xmlsoap.org/wsdl/soap/" xmlns:s="http://www.w3.org/2001/XMLSchema" xmlns:soap12="http://schemas.xmlsoap.org/wsdl/soap12/" xmlns:http="http://schemas.xmlsoap.org/wsdl/http/" xmlns:wsdl="http://schemas.xmlsoap.org/wsdl/">
  <wsdl:documentation>Performs simple math over the Web</wsdl:documentation>
  <wsdl:types>
    <s:schema elementFormDefault="qualified" targetNamespace="http://tempuri.org/">
      <s:element name="Add">
        <s:complexType>
          <s:sequence>
            <s:element minOccurs="1" maxOccurs="1" name="a" type="s:int"/>
            <s:element minOccurs="1" maxOccurs="1" name="b" type="s:int"/>
          </s:sequence>
        </s:complexType>
      </s:element>
      <s:element name="AddResponse">
        <s:complexType>
          <s:sequence>
            <s:element minOccurs="1" maxOccurs="1" name="AddResult" type="s:int"/>
          </s:sequence>
        </s:complexType>
      </s:element>
      <s:element name="Subtract">
        <s:complexType>
          <s:sequence>
            <s:element minOccurs="1" maxOccurs="1" name="a" type="s:int"/>
            <s:element minOccurs="1" maxOccurs="1" name="b" type="s:int"/>
          </s:sequence>
        </s:complexType>
      </s:element>
      <s:element name="SubtractResponse">
        <s:complexType>
          <s:sequence>
            <s:element minOccurs="1" maxOccurs="1" name="SubtractResult" type="s:int"/>
          </s:sequence>
        </s:complexType>
      </s:element>
    </s:schema>
  </wsdl:types>
  <wsdl:message name="AddSoapIn">
    <wsdl:part name="parameters" element="tns:Add"/>
  </wsdl:message>
  <wsdl:message name="AddSoapOut">
    <wsdl:part name="parameters" element="tns:AddResponse"/>
  </wsdl:message>
  <wsdl:message name="SubtractSoapIn">
    <wsdl:part name="parameters" element="tns:Subtract"/>
  </wsdl:message>
  <wsdl:message name="SubtractSoapOut">
    <wsdl:part name="parameters" element="tns:SubtractResponse"/>
  </wsdl:message>
  <wsdl:portType name="Calculator_x0020_Web_x0020_ServiceSoap">
    <wsdl:operation name="Add">
      <wsdl:documentation>Computes the sum of two integers</wsdl:documentation>
      <wsdl:input message="tns:AddSoapIn"/>
      <wsdl:output message="tns:AddSoapOut"/>
    </wsdl:operation>
    <wsdl:operation name="Subtract">
      <wsdl:documentation>Computes the difference between two integers</wsdl:documentation>
      <wsdl:input message="tns:SubtractSoapIn"/>
      <wsdl:output message="tns:SubtractSoapOut"/>
    </wsdl:operation>
  </wsdl:portType>
  <wsdl:binding name="Calculator_x0020_Web_x0020_ServiceSoap" type="tns:Calculator_x0020_Web_x0020_ServiceSoap">
    <soap:binding transport="http://schemas.xmlsoap.org/soap/http"/>
    <wsdl:operation name="Add">
      <soap:operation soapAction="http://tempuri.org/Add" style="document"/>
      <wsdl:input>
        <soap:body use="literal"/>
      </wsdl:input>
      <wsdl:output>
        <soap:body use="literal"/>
      </wsdl:output>
    </wsdl:operation>
    <wsdl:operation name="Subtract">
      <soap:operation soapAction="http://tempuri.org/Subtract" style="document"/>
      <wsdl:input>
        <soap:body use="literal"/>
      </wsdl:input>
      <wsdl:output>
        <soap:body use="literal"/>
      </wsdl:output>
    </wsdl:operation>
  </wsdl:binding>
  <wsdl:binding name="Calculator_x0020_Web_x0020_ServiceSoap12" type="tns:Calculator_x0020_Web_x0020_ServiceSoap">
    <soap12:binding transport="http://schemas.xmlsoap.org/soap/http"/>
    <wsdl:operation name="Add">
      <soap12:operation soapAction="http://tempuri.org/Add" style="document"/>
      <wsdl:input>
        <soap12:body use="literal"/>
      </wsdl:input>
      <wsdl:output>
        <soap12:body use="literal"/>
      </wsdl:output>
    </wsdl:operation>
    <wsdl:operation name="Subtract">
      <soap12:operation soapAction="http://tempuri.org/Subtract" style="document"/>
      <wsdl:input>
        <soap12:body use="literal"/>
      </wsdl:input>
      <wsdl:output>
        <soap12:body use="literal"/>
      </wsdl:output>
    </wsdl:operation>
  </wsdl:binding>
  <wsdl:service name="Calculator_x0020_Web_x0020_Service">
    <wsdl:documentation>Performs simple math over the Web</wsdl:documentation>
    <wsdl:port name="Calculator_x0020_Web_x0020_ServiceSoap" binding="tns:Calculator_x0020_Web_x0020_ServiceSoap">
      <soap:address location="https://ecs.syr.edu/faculty/fawcett/Handouts/cse775/code/calcWebService/Calc.asmx"/>
    </wsdl:port>
    <wsdl:port name="Calculator_x0020_Web_x0020_ServiceSoap12" binding="tns:Calculator_x0020_Web_x0020_ServiceSoap12">
      <soap12:address location="https://ecs.syr.edu/faculty/fawcett/Handouts/cse775/code/calcWebService/Calc.asmx"/>
    </wsdl:port>
  </wsdl:service>
</wsdl:definitions>]]></con:content><con:type>http://schemas.xmlsoap.org/wsdl/</con:type></con:part></con:definitionCache><con:endpoints><con:endpoint>https://ecs.syr.edu/faculty/fawcett/Handouts/cse775/code/calcWebService/Calc.asmx</con:endpoint></con:endpoints><con:operation id="797fdc04-c4d7-44b5-9cc4-e138039e173d" isOneWay="false" action="http://tempuri.org/Add" name="Add" bindingOperationName="Add" type="Request-Response" inputName="" receivesAttachments="false" sendsAttachments="false" anonymous="optional"><con:settings/><con:call id="c7da4ba5-6494-4ede-bc76-43668cf088df" name="Request 1"><con:settings/><con:encoding>UTF-8</con:encoding><con:endpoint>https://ecs.syr.edu/faculty/fawcett/Handouts/cse775/code/calcWebService/Calc.asmx</con:endpoint><con:request><![CDATA[<soap:Envelope xmlns:soap="http://www.w3.org/2003/05/soap-envelope" xmlns:tem="http://tempuri.org/">\r
   <soap:Header/>\r
   <soap:Body>\r
      <tem:Add>\r
         <tem:a>?</tem:a>\r
         <tem:b>?</tem:b>\r
      </tem:Add>\r
   </soap:Body>\r
</soap:Envelope>]]></con:request><con:wsaConfig mustUnderstand="NONE" version="200508" action="http://tempuri.org/Calculator_x0020_Web_x0020_ServiceSoap/AddRequest"/></con:call></con:operation><con:operation id="32beae73-c03a-4e19-a256-b9758bba4801" isOneWay="false" action="http://tempuri.org/Subtract" name="Subtract" bindingOperationName="Subtract" type="Request-Response" inputName="" receivesAttachments="false" sendsAttachments="false" anonymous="optional"><con:settings/><con:call id="43f8a59a-73fc-4da9-a31f-6d7c54fc2b1d" name="Request 1"><con:settings/><con:encoding>UTF-8</con:encoding><con:endpoint>https://ecs.syr.edu/faculty/fawcett/Handouts/cse775/code/calcWebService/Calc.asmx</con:endpoint><con:request><![CDATA[<soap:Envelope xmlns:soap="http://www.w3.org/2003/05/soap-envelope" xmlns:tem="http://tempuri.org/">\r
   <soap:Header/>\r
   <soap:Body>\r
      <tem:Subtract>\r
         <tem:a>?</tem:a>\r
         <tem:b>?</tem:b>\r
      </tem:Subtract>\r
   </soap:Body>\r
</soap:Envelope>]]></con:request><con:wsaConfig mustUnderstand="NONE" version="200508" action="http://tempuri.org/Calculator_x0020_Web_x0020_ServiceSoap/SubtractRequest"/></con:call></con:operation></con:interface><con:testSuite id="4a4e50c7-7e79-43fd-92a4-60f8d9f01213" name="TS_Calculator"><con:settings/><con:runType>SEQUENTIAL</con:runType><con:testCase id="bc15a642-0512-4550-85ff-6c11670d8d59" failOnError="true" failTestCaseOnErrors="true" keepSession="false" maxResults="0" name="TC_Add" searchProperties="true"><con:settings/><con:testStep type="request" id="aba9e075-6380-4210-9864-427e8fe04a0d" name="TStep_Add"><con:settings/><con:config xsi:type="con:RequestStep" xmlns:xsi="http://www.w3.org/2001/XMLSchema-instance"><con:interface>Calculator_x0020_Web_x0020_ServiceSoap</con:interface><con:operation>Add</con:operation><con:request name="TStep_Add" outgoingWss="" incomingWss="" timeout="" sslKeystore="" useWsAddressing="false" useWsReliableMessaging="false" wssPasswordType="" id="8abded3a-f0ca-4296-a610-4296db0c7e91"><con:settings><con:setting id="com.eviware.soapui.impl.wsdl.WsdlRequest@request-headers">&lt;xml-fragment/></con:setting></con:settings><con:encoding>UTF-8</con:encoding><con:endpoint>https://ecs.syr.edu/faculty/fawcett/Handouts/cse775/code/calcWebService/Calc.asmx</con:endpoint><con:request><![CDATA[<soapenv:Envelope xmlns:soapenv="http://schemas.xmlsoap.org/soap/envelope/" xmlns:tem="http://tempuri.org/">\r
   <soapenv:Header/>\r
   <soapenv:Body>\r
      <tem:Add>\r
         <tem:a>23</tem:a>\r
         <tem:b>31</tem:b>\r
      </tem:Add>\r
   </soapenv:Body>\r
</soapenv:Envelope>]]></con:request><con:assertion type="Response SLA Assertion" id="f937c594-e26d-4b5e-849b-3356df0d00f8" name="Response SLA"><con:configuration><SLA>3000</SLA></con:configuration></con:assertion><con:assertion type="Sensitive Information Exposure" id="09a8579f-90f6-4621-ac24-033966110591" name="Sensitive Information Exposure"><con:configuration><AssertionSpecificExposureList>Password###Password should not be exposed</AssertionSpecificExposureList><IncludeProjectSpecific>true</IncludeProjectSpecific><IncludeGlobal>true</IncludeGlobal></con:configuration></con:assertion><con:assertion type="Simple Contains" id="f041bf71-cdb6-4052-8916-4054aee75113" name="Contains"><con:configuration><token>AddResult</token><ignoreCase>false</ignoreCase><useRegEx>false</useRegEx></con:configuration></con:assertion><con:assertion type="SOAP Response" id="80670aec-c652-4a31-a4a0-815314a56f5c" name="SOAP Response"/><con:assertion type="Schema Compliance" id="4a70bd38-8b25-45ac-8dd9-2bf55ef627da" name="Schema Compliance"><con:configuration><definition/></con:configuration></con:assertion><con:assertion type="Valid HTTP Status Codes" id="0ca49e9a-bc49-46f3-b042-2cd1fa36c18a" name="Valid HTTP Status Codes"><con:configuration><codes>200</codes></con:configuration></con:assertion><con:credentials><con:authType>No Authorization</con:authType></con:credentials><con:jmsConfig JMSDeliveryMode="PERSISTENT"/><con:jmsPropertyConfig/><con:wsaConfig mustUnderstand="NONE" version="200508" action="http://tempuri.org/Add"/><con:wsrmConfig version="1.2"/></con:request></con:config></con:testStep><con:properties/></con:testCase><con:properties/></con:testSuite><con:testSuite id="e7ade5ac-7719-4cb3-b023-01c621b127c8" name="TS_Calculator_Groovy"><con:settings/><con:runType>SEQUENTIAL</con:runType><con:testCase id="88e317e4-fb6f-488b-9e6a-6eacbe0447a0" failOnError="true" failTestCaseOnErrors="true" keepSession="false" maxResults="0" name="TC_Add" searchProperties="true"><con:settings/><con:testStep type="request" id="e084c11d-aa58-44d4-bc24-7d318f3457e5" name="TStep_Add"><con:settings/><con:config xsi:type="con:RequestStep" xmlns:xsi="http://www.w3.org/2001/XMLSchema-instance"><con:interface>Calculator_x0020_Web_x0020_ServiceSoap</con:interface><con:operation>Add</con:operation><con:request name="TStep_Add" outgoingWss="" incomingWss="" timeout="" sslKeystore="" useWsAddressing="false" useWsReliableMessaging="false" wssPasswordType="" id="8abded3a-f0ca-4296-a610-4296db0c7e91"><con:settings><con:setting id="com.eviware.soapui.impl.wsdl.WsdlRequest@request-headers">&lt;xml-fragment/></con:setting></con:settings><con:encoding>UTF-8</con:encoding><con:endpoint>https://ecs.syr.edu/faculty/fawcett/Handouts/cse775/code/calcWebService/Calc.asmx</con:endpoint><con:request><![CDATA[<soapenv:Envelope xmlns:soapenv="http://schemas.xmlsoap.org/soap/envelope/" xmlns:tem="http://tempuri.org/">\r
   <soapenv:Header/>\r
   <soapenv:Body>\r
      <tem:Add>\r
         <tem:a>23</tem:a>\r
         <tem:b>31</tem:b>\r
      </tem:Add>\r
   </soapenv:Body>\r
</soapenv:Envelope>]]></con:request><con:assertion type="Response SLA Assertion" id="f937c594-e26d-4b5e-849b-3356df0d00f8" name="Response SLA"><con:configuration><SLA>3000</SLA></con:configuration></con:assertion><con:assertion type="Sensitive Information Exposure" id="09a8579f-90f6-4621-ac24-033966110591" name="Sensitive Information Exposure"><con:configuration><AssertionSpecificExposureList>Password###Password should not be exposed</AssertionSpecificExposureList><IncludeProjectSpecific>true</IncludeProjectSpecific><IncludeGlobal>true</IncludeGlobal></con:configuration></con:assertion><con:assertion type="Simple Contains" id="f041bf71-cdb6-4052-8916-4054aee75113" name="Contains"><con:configuration><token>AddResult</token><ignoreCase>false</ignoreCase><useRegEx>false</useRegEx></con:configuration></con:assertion><con:assertion type="SOAP Response" id="80670aec-c652-4a31-a4a0-815314a56f5c" name="SOAP Response"/><con:assertion type="Schema Compliance" id="4a70bd38-8b25-45ac-8dd9-2bf55ef627da" name="Schema Compliance"><con:configuration><definition/></con:configuration></con:assertion><con:assertion type="Valid HTTP Status Codes" id="0ca49e9a-bc49-46f3-b042-2cd1fa36c18a" name="Valid HTTP Status Codes"><con:configuration><codes>200</codes></con:configuration></con:assertion><con:assertion type="GroovyScriptAssertion" id="4544809c-bec8-4af4-ab1d-a132f86cbca8" name="Script Assertion"><con:configuration><scriptText>def groovyUtils = new com.eviware.soapui.support.GroovyUtils(context)
def holder = groovyUtils.getXmlHolder(messageExchange.responseContent)

def response = context.expand('${TStep_Add#Response}')
def xml = new XmlSlurper().parseText(response)

def actualValue = xml.text()

assert actualValue == '54', "Expected: 54, but found: $actualValue"

//log.info holder.getNodeValue("//soap")
//log.info holder.getNodeValue("//AddResult")
//assert holder["//AddResult"].contains(54)
assert messageExchange.responseStatusCode == 200</scriptText></con:configuration></con:assertion><con:credentials><con:authType>No Authorization</con:authType></con:credentials><con:jmsConfig JMSDeliveryMode="PERSISTENT"/><con:jmsPropertyConfig/><con:wsaConfig mustUnderstand="NONE" version="200508" action="http://tempuri.org/Add"/><con:wsrmConfig version="1.2"/></con:request></con:config></con:testStep><con:testStep type="groovy" name="TStep_Groovy" id="6d16a54d-8eba-497a-9b83-2554e69e33ff"><con:settings/><con:config><script>def expected_response = "54"

def request = testRunner.testCase.getTestStepByName('TStep_Add')

def response = request.getProperty("Response")

log.info(response.value)

assert response.value.contains(expected_response) == true

</script></con:config></con:testStep><con:properties/></con:testCase><con:properties/></con:testSuite><con:properties/><con:wssContainer/><con:oAuth2ProfileContainer/><con:oAuth1ProfileContainer/></con:soapui-project>